[{"host":"192.111.137.37","port":18762,"asn":46562,"city":"Toronto","continent":"North America","continent_code":"NA","country":"Canada","country_code":"CA","ip":"192.111.137.37","latitude":43.6591,"longitude":-79.4626,"metro_code":"","network":"192.111.136.0/22","organization":"PERFORMIVE","postal":"M6P","region":"Ontario","region_code":"ON","timezone":"America/Toronto","speedTime":366,"risk":0},{"host":"184.95.220.42","port":1080,"asn":22652,"city":"Vercheres","continent":"North America","continent_code":"NA","country":"Canada","country_code":"CA","ip":"184.95.220.42","latitude":45.782,"longitude":-73.3526,"metro_code":"","network":"184.95.220.0/25","organization":"FIBRENOIRE-INTERNET","postal":"J0L","region":"Quebec","region_code":"QC","timezone":"America/Toronto","speedTime":1287,"risk":0},{"host":"184.178.172.18","port":15280,"asn":22773,"city":"Roanoke","continent":"North America","continent_code":"NA","country":"United States","country_code":"US","ip":"184.178.172.18","latitude":37.2613,"longitude":-79.9335,"metro_code":573,"network":"184.178.172.0/23","organization":"ASN-CXA-ALL-CCI-22773-RDC","postal":"24023","region":"Virginia","region_code":"VA","timezone":"America/New_York","speedTime":491,"risk":13},{"host":"174.64.199.79","port":4145,"asn":22773,"city":"San Diego","continent":"North America","continent_code":"NA","country":"United States","country_code":"US","ip":"174.64.199.79","latitude":32.7203,"longitude":-117.1552,"metro_code":825,"network":"174.64.192.0/19","organization":"ASN-CXA-ALL-CCI-22773-RDC","postal":"92101","region":"California","region_code":"CA","timezone":"America/Los_Angeles","speedTime":494,"risk":13},{"host":"184.178.172.14","port":4145,"asn":22773,"city":"Roanoke","continent":"North America","continent_code":"NA","country":"United States","country_code":"US","ip":"184.178.172.14","latitude":37.2613,"longitude":-79.9335,"metro_code":573,"network":"184.178.172.0/23","organization":"ASN-CXA-ALL-CCI-22773-RDC","postal":"24023","region":"Virginia","region_code":"VA","timezone":"America/New_York","speedTime":467,"risk":13},{"host":"72.206.181.123","port":4145,"asn":22773,"city":"Phoenix","continent":"North America","continent_code":"NA","country":"United States","country_code":"US","ip":"72.206.181.123","latitude":37.751,"longitude":-97.822,"metro_code":"","network":"72.206.128.0/17","organization":"ASN-CXA-ALL-CCI-22773-RDC","postal":"85001","region":"Arizona","region_code":"","timezone":"America/Chicago","speedTime":485,"risk":13},{"host":"174.64.199.82","port":4145,"asn":22773,"city":"San Diego","continent":"North America","continent_code":"NA","country":"United States","country_code":"US","ip":"174.64.199.82","latitude":32.7203,"longitude":-117.1552,"metro_code":825,"network":"174.64.192.0/19","organization":"ASN-CXA-ALL-CCI-22773-RDC","postal":"92101","region":"California","region_code":"CA","timezone":"America/Los_Angeles","speedTime":469,"risk":13},{"host":"72.206.181.105","port":64935,"asn":22773,"city":"Phoenix","continent":"North America","continent_code":"NA","country":"United States","country_code":"US","ip":"72.206.181.105","latitude":37.751,"longitude":-97.822,"metro_code":"","network":"72.206.128.0/17","organization":"ASN-CXA-ALL-CCI-22773-RDC","postal":"85001","region":"Arizona","region_code":"","timezone":"America/Chicago","speedTime":500,"risk":13},{"host":"184.178.172.11","port":4145,"asn":22773,"city":"Roanoke","continent":"North America","continent_code":"NA","country":"United States","country_code":"US","ip":"184.178.172.11","latitude":37.2613,"longitude":-79.9335,"metro_code":573,"network":"184.178.172.0/23","organization":"ASN-CXA-ALL-CCI-22773-RDC","postal":"24023","region":"Virginia","region_code":"VA","timezone":"America/New_York","speedTime":460,"risk":13},{"host":"184.178.172.13","port":15311,"asn":22773,"city":"Roanoke","continent":"North America","continent_code":"NA","country":"United States","country_code":"US","ip":"184.178.172.13","latitude":37.2613,"longitude":-79.9335,"metro_code":573,"network":"184.178.172.0/23","organization":"ASN-CXA-ALL-CCI-22773-RDC","postal":"24023","region":"Virginia","region_code":"VA","timezone":"America/New_York","speedTime":450,"risk":13},{"host":"184.178.172.28","port":15294,"asn":22773,"city":"Roanoke","continent":"North America","continent_code":"NA","country":"United States","country_code":"US","ip":"184.178.172.28","latitude":37.2613,"longitude":-79.9335,"metro_code":573,"network":"184.178.172.0/23","organization":"ASN-CXA-ALL-CCI-22773-RDC","postal":"24023","region":"Virginia","region_code":"VA","timezone":"America/New_York","speedTime":386,"risk":13},{"host":"184.178.172.17","port":4145,"asn":22773,"city":"Roanoke","continent":"North America","continent_code":"NA","country":"United States","country_code":"US","ip":"184.178.172.17","latitude":37.2613,"longitude":-79.9335,"metro_code":573,"network":"184.178.172.0/23","organization":"ASN-CXA-ALL-CCI-22773-RDC","postal":"24023","region":"Virginia","region_code":"VA","timezone":"America/New_York","speedTime":380,"risk":13},{"host":"98.175.31.195","port":4145,"asn":22773,"city":"Norfolk","continent":"North America","continent_code":"NA","country":"United States","country_code":"US","ip":"98.175.31.195","latitude":36.8429,"longitude":-76.2864,"metro_code":544,"network":"98.175.31.0/24","organization":"ASN-CXA-ALL-CCI-22773-RDC","postal":"23514","region":"Virginia","region_code":"VA","timezone":"America/New_York","speedTime":383,"risk":3},{"host":"184.178.172.23","port":4145,"asn":22773,"city":"Roanoke","continent":"North America","continent_code":"NA","country":"United States","country_code":"US","ip":"184.178.172.23","latitude":37.2613,"longitude":-79.9335,"metro_code":573,"network":"184.178.172.0/23","organization":"ASN-CXA-ALL-CCI-22773-RDC","postal":"24023","region":"Virginia","region_code":"VA","timezone":"America/New_York","speedTime":399,"risk":13},{"host":"98.181.137.80","port":4145,"asn":22773,"city":"Las Vegas","continent":"North America","continent_code":"NA","country":"United States","country_code":"US","ip":"98.181.137.80","latitude":36.2473,"longitude":-115.2821,"metro_code":839,"network":"98.181.128.0/19","organization":"ASN-CXA-ALL-CCI-22773-RDC","postal":"89129","region":"Nevada","region_code":"NV","timezone":"America/Los_Angeles","speedTime":391,"risk":13},{"host":"176.115.79.195","port":1080,"asn":198715,"city":"Yekaterinburg","continent":"Europe","continent_code":"EU","country":"Russia","country_code":"RU","ip":"176.115.79.195","latitude":56.8456,"longitude":60.6083,"metro_code":"","network":"176.115.64.0/20","organization":"Orbita Ltd.","postal":"624223","region":"Sverdlovsk Oblast","region_code":"SVE","timezone":"Asia/Yekaterinburg","speedTime":935,"risk":0},{"host":"87.117.11.57","port":1080,"asn":21479,"city":"Taganrog","continent":"Europe","continent_code":"EU","country":"Russia","country_code":"RU","ip":"87.117.11.57","latitude":47.2361,"longitude":38.9005,"metro_code":"","network":"87.117.8.0/21","organization":"Rostelecom","postal":"347916","region":"Rostov Oblast","region_code":"ROS","timezone":"Europe/Moscow","speedTime":3705,"risk":0},{"host":"103.174.178.131","port":1020,"asn":139418,"city":"Patrang","continent":"Asia","continent_code":"AS","country":"Indonesia","country_code":"ID","ip":"103.174.178.131","latitude":-8.1474,"longitude":113.7262,"metro_code":"","network":"103.174.178.0/23","organization":"PT Gasatek Bintang Nusantara","postal":"68122","region":"East Java","region_code":"JI","timezone":"Asia/Jakarta","speedTime":885,"risk":0},{"host":"103.155.196.36","port":5445,"asn":141071,"city":"Jakarta","continent":"Asia","continent_code":"AS","country":"Indonesia","country_code":"ID","ip":"103.155.196.36","latitude":-6.2114,"longitude":106.8446,"metro_code":"","network":"103.155.196.36/31","organization":"PT Jembatan Data Pangrango","postal":"83663","region":"Jakarta","region_code":"JK","timezone":"Asia/Jakarta","speedTime":652,"risk":0},{"host":"103.144.18.137","port":2002,"asn":139418,"city":"Bondowoso","continent":"Asia","continent_code":"AS","country":"Indonesia","country_code":"ID","ip":"103.144.18.137","latitude":-7.9189,"longitude":113.8255,"metro_code":"","network":"103.144.18.128/25","organization":"PT Gasatek Bintang Nusantara","postal":"68262","region":"East Java","region_code":"JI","timezone":"Asia/Jakarta","speedTime":962,"risk":0},{"host":"181.204.123.68","port":52246,"asn":27831,"city":"Barranquilla","continent":"South America","continent_code":"SA","country":"Colombia","country_code":"CO","ip":"181.204.123.68","latitude":11.0071,"longitude":-74.8092,"metro_code":"","network":"181.204.120.0/22","organization":"Colombia Movil","postal":"080003","region":"Atlántico","region_code":"ATL","timezone":"America/Bogota","speedTime":1954,"risk":0},{"host":"43.133.54.25","port":15673,"asn":132203,"city":"Singapore","continent":"Asia","continent_code":"AS","country":"Singapore","country_code":"SG","ip":"43.133.54.25","latitude":1.2868,"longitude":103.8503,"metro_code":"","network":"43.133.32.0/19","organization":"Tencent Building, Kejizhongyi Avenue","postal":"17","region":"Singapore","region_code":"","timezone":"Asia/Singapore","speedTime":4537,"risk":0},{"host":"8.219.169.252","port":15673,"asn":45102,"city":"Singapore","continent":"Asia","continent_code":"AS","country":"Singapore","country_code":"SG","ip":"8.219.169.252","latitude":1.3673,"longitude":103.8014,"metro_code":"","network":"8.219.160.0/20","organization":"Alibaba US Technology Co., Ltd.","postal":"179431","region":"Singapore","region_code":"","timezone":"Asia/Singapore","speedTime":1302,"risk":18},{"host":"47.100.184.89","port":80,"asn":37963,"city":"Shanghai","continent":"Asia","continent_code":"AS","country":"China","country_code":"CN","ip":"47.100.184.89","latitude":31.2222,"longitude":121.4581,"metro_code":"","network":"47.100.0.0/14","organization":"Hangzhou Alibaba Advertising Co.,Ltd.","postal":"200020","region":"Shanghai","region_code":"SH","timezone":"Asia/Shanghai","speedTime":748,"risk":0},{"host":"61.130.151.230","port":7302,"asn":4134,"city":"Jinhua","continent":"Asia","continent_code":"AS","country":"China","country_code":"CN","ip":"61.130.151.230","latitude":34.7732,"longitude":113.722,"metro_code":"","network":"61.130.0.0/16","organization":"Chinanet","postal":"311203","region":"Zhejiang","region_code":"","timezone":"Asia/Shanghai","speedTime":696,"risk":0},{"host":"8.217.240.216","port":15673,"asn":45102,"city":"Hong Kong","continent":"Asia","continent_code":"AS","country":"Hong Kong","country_code":"HK","ip":"8.217.240.216","latitude":22.2842,"longitude":114.1759,"metro_code":"","network":"8.217.0.0/16","organization":"Alibaba US Technology Co., Ltd.","postal":"-","region":"Central and Western District","region_code":"HCW","timezone":"Asia/Hong_Kong","speedTime":1304,"risk":18},{"host":"43.163.234.93","port":15673,"asn":132203,"city":"Tokyo","continent":"Asia","continent_code":"AS","country":"Japan","country_code":"JP","ip":"43.163.234.93","latitude":35.6893,"longitude":139.6899,"metro_code":"","network":"43.163.192.0/18","organization":"Tencent Building, Kejizhongyi Avenue","postal":"102-0082","region":"Tokyo","region_code":"13","timezone":"Asia/Tokyo","speedTime":1011,"risk":0},{"host":"95.140.154.75","port":8443,"asn":200088,"city":"Warsaw","continent":"Europe","continent_code":"EU","country":"Poland","country_code":"PL","ip":"95.140.154.75","latitude":52.2296,"longitude":21.0067,"metro_code":"","network":"95.140.152.0/22","organization":"Artnet Sp. z o.o.","postal":"00-510","region":"Mazovia","region_code":"14","timezone":"Europe/Warsaw","speedTime":567,"risk":0},{"host":"46.36.70.104","port":46964,"asn":43627,"city":"Mažeikiai","continent":"Europe","continent_code":"EU","country":"Lithuania","country_code":"LT","ip":"46.36.70.104","latitude":56.3176,"longitude":22.3463,"metro_code":"","network":"46.36.68.0/22","organization":"UAB Besmegeniai","postal":"89001","region":"Telsiai","region_code":"TE","timezone":"Europe/Vilnius","speedTime":1869,"risk":0},{"host":"171.229.250.170","port":5205,"asn":7552,"city":"Hanoi","continent":"Asia","continent_code":"AS","country":"Vietnam","country_code":"VN","ip":"171.229.250.170","latitude":21.0292,"longitude":105.8526,"metro_code":"","network":"171.229.240.0/20","organization":"Viettel Group","postal":"100000","region":"Hanoi","region_code":"HN","timezone":"Asia/Bangkok","speedTime":902,"risk":5},{"host":"182.252.66.206","port":9990,"asn":23923,"city":"Dhaka","continent":"Asia","continent_code":"AS","country":"Bangladesh","country_code":"BD","ip":"182.252.66.206","latitude":23.7272,"longitude":90.4093,"metro_code":"","network":"182.252.64.0/21","organization":"Agni Systems Limited","postal":"1000","region":"Dhaka Division","region_code":"C","timezone":"Asia/Dhaka","speedTime":1093,"risk":0},{"host":"51.15.139.59","port":16379,"asn":12876,"city":"Paris","continent":"Europe","continent_code":"EU","country":"France","country_code":"FR","ip":"51.15.139.59","latitude":48.8582,"longitude":2.3387,"metro_code":"","network":"51.15.128.0/20","organization":"Scaleway S.a.s.","postal":"75000","region":"Ile-de-France","region_code":"","timezone":"Europe/Paris","speedTime":3518,"risk":12},{"host":"141.11.37.79","port":3228,"asn":43350,"city":"Amsterdam","continent":"Europe","continent_code":"EU","country":"The Netherlands","country_code":"NL","ip":"141.11.37.79","latitude":52.3716,"longitude":4.8883,"metro_code":"","network":"141.11.37.0/24","organization":"NForce Entertainment B.V.","postal":"1012","region":"North Holland","region_code":"NH","timezone":"Europe/Amsterdam","speedTime":1609,"risk":0},{"host":"110.235.250.155","port":1080,"asn":23673,"city":"Phnom Penh","continent":"Asia","continent_code":"AS","country":"Cambodia","country_code":"KH","ip":"110.235.250.155","latitude":11.5583,"longitude":104.9121,"metro_code":"","network":"110.235.250.0/23","organization":"Cogetel Online, Cambodia, ISP","postal":"12206","region":"Phnom Penh","region_code":"12","timezone":"Asia/Phnom_Penh","speedTime":1924,"risk":0},{"host":"5.42.84.36","port":40000,"asn":210644,"city":"Stockholm","continent":"Europe","continent_code":"EU","country":"Sweden","country_code":"SE","ip":"5.42.84.36","latitude":59.3241,"longitude":18.0517,"metro_code":"","network":"5.42.80.0/21","organization":"Aeza International Ltd","postal":"100 05","region":"Stockholm County","region_code":"AB","timezone":"Europe/Stockholm","speedTime":3704,"risk":0},{"host":"211.21.48.185","port":38081,"asn":3462,"city":"New Taipei","continent":"Asia","continent_code":"AS","country":"Taiwan","country_code":"TW","ip":"211.21.48.185","latitude":24.9466,"longitude":121.586,"metro_code":"","network":"211.21.48.0/21","organization":"Data Communication Business Group","postal":"400","region":"New Taipei","region_code":"NWT","timezone":"Asia/Taipei","speedTime":465,"risk":1}]