{"US":[{"host":"66.42.224.229","port":41679,"asn":6181,"city":"Florence","continent":"North America","continent_code":"NA","country":"United States","country_code":"US","ip":"66.42.224.229","latitude":38.9924,"longitude":-84.6462,"metro_code":515,"network":"66.42.224.0/24","organization":"FUSE-NET","postal":"41042","region":"Kentucky","region_code":"KY","timezone":"America/New_York","speedTime":1563,"risk":0},{"host":"184.185.2.12","port":4145,"asn":22773,"city":"Buckingham","continent":"North America","continent_code":"NA","country":"United States","country_code":"US","ip":"184.185.2.12","latitude":37.751,"longitude":-97.822,"metro_code":"","network":"184.185.0.0/22","organization":"ASN-CXA-ALL-CCI-22773-RDC","postal":"23921","region":"Virginia","region_code":"","timezone":"America/Chicago","speedTime":354,"risk":13},{"host":"72.217.158.202","port":4145,"asn":22773,"city":"Phoenix","continent":"North America","continent_code":"NA","country":"United States","country_code":"US","ip":"72.217.158.202","latitude":37.751,"longitude":-97.822,"metro_code":"","network":"72.217.128.0/17","organization":"ASN-CXA-ALL-CCI-22773-RDC","postal":"85001","region":"Arizona","region_code":"","timezone":"America/Chicago","speedTime":386,"risk":13},{"host":"184.178.172.3","port":4145,"asn":22773,"city":"Roanoke","continent":"North America","continent_code":"NA","country":"United States","country_code":"US","ip":"184.178.172.3","latitude":37.2613,"longitude":-79.9335,"metro_code":573,"network":"184.178.172.0/23","organization":"ASN-CXA-ALL-CCI-22773-RDC","postal":"24023","region":"Virginia","region_code":"VA","timezone":"America/New_York","speedTime":349,"risk":0},{"host":"184.178.172.23","port":4145,"asn":22773,"city":"Roanoke","continent":"North America","continent_code":"NA","country":"United States","country_code":"US","ip":"184.178.172.23","latitude":37.2613,"longitude":-79.9335,"metro_code":573,"network":"184.178.172.0/23","organization":"ASN-CXA-ALL-CCI-22773-RDC","postal":"24023","region":"Virginia","region_code":"VA","timezone":"America/New_York","speedTime":344,"risk":13},{"host":"72.206.181.97","port":64943,"asn":22773,"city":"Phoenix","continent":"North America","continent_code":"NA","country":"United States","country_code":"US","ip":"72.206.181.97","latitude":37.751,"longitude":-97.822,"metro_code":"","network":"72.206.128.0/17","organization":"ASN-CXA-ALL-CCI-22773-RDC","postal":"85001","region":"Arizona","region_code":"","timezone":"America/Chicago","speedTime":365,"risk":13},{"host":"184.178.172.14","port":4145,"asn":22773,"city":"Roanoke","continent":"North America","continent_code":"NA","country":"United States","country_code":"US","ip":"184.178.172.14","latitude":37.2613,"longitude":-79.9335,"metro_code":573,"network":"184.178.172.0/23","organization":"ASN-CXA-ALL-CCI-22773-RDC","postal":"24023","region":"Virginia","region_code":"VA","timezone":"America/New_York","speedTime":382,"risk":13},{"host":"66.135.9.137","port":1080,"asn":20473,"city":"Piscataway","continent":"North America","continent_code":"NA","country":"United States","country_code":"US","ip":"66.135.9.137","latitude":40.5511,"longitude":-74.4606,"metro_code":501,"network":"66.135.8.0/21","organization":"AS-CHOOPA","postal":"08854","region":"New Jersey","region_code":"NJ","timezone":"America/New_York","speedTime":890,"risk":0},{"host":"184.178.172.11","port":4145,"asn":22773,"city":"Roanoke","continent":"North America","continent_code":"NA","country":"United States","country_code":"US","ip":"184.178.172.11","latitude":37.2613,"longitude":-79.9335,"metro_code":573,"network":"184.178.172.0/23","organization":"ASN-CXA-ALL-CCI-22773-RDC","postal":"24023","region":"Virginia","region_code":"VA","timezone":"America/New_York","speedTime":332,"risk":13},{"host":"174.64.199.82","port":4145,"asn":22773,"city":"San Diego","continent":"North America","continent_code":"NA","country":"United States","country_code":"US","ip":"174.64.199.82","latitude":32.7203,"longitude":-117.1552,"metro_code":825,"network":"174.64.192.0/19","organization":"ASN-CXA-ALL-CCI-22773-RDC","postal":"92101","region":"California","region_code":"CA","timezone":"America/Los_Angeles","speedTime":345,"risk":13},{"host":"72.206.181.105","port":64935,"asn":22773,"city":"Phoenix","continent":"North America","continent_code":"NA","country":"United States","country_code":"US","ip":"72.206.181.105","latitude":37.751,"longitude":-97.822,"metro_code":"","network":"72.206.128.0/17","organization":"ASN-CXA-ALL-CCI-22773-RDC","postal":"85001","region":"Arizona","region_code":"","timezone":"America/Chicago","speedTime":3398,"risk":13},{"host":"184.178.172.18","port":15280,"asn":22773,"city":"Roanoke","continent":"North America","continent_code":"NA","country":"United States","country_code":"US","ip":"184.178.172.18","latitude":37.2613,"longitude":-79.9335,"metro_code":573,"network":"184.178.172.0/23","organization":"ASN-CXA-ALL-CCI-22773-RDC","postal":"24023","region":"Virginia","region_code":"VA","timezone":"America/New_York","speedTime":325,"risk":13},{"host":"184.178.172.13","port":15311,"asn":22773,"city":"Roanoke","continent":"North America","continent_code":"NA","country":"United States","country_code":"US","ip":"184.178.172.13","latitude":37.2613,"longitude":-79.9335,"metro_code":573,"network":"184.178.172.0/23","organization":"ASN-CXA-ALL-CCI-22773-RDC","postal":"24023","region":"Virginia","region_code":"VA","timezone":"America/New_York","speedTime":3384,"risk":13},{"host":"72.217.216.239","port":4145,"asn":22773,"city":"Phoenix","continent":"North America","continent_code":"NA","country":"United States","country_code":"US","ip":"72.217.216.239","latitude":37.751,"longitude":-97.822,"metro_code":"","network":"72.217.128.0/17","organization":"ASN-CXA-ALL-CCI-22773-RDC","postal":"85001","region":"Arizona","region_code":"","timezone":"America/Chicago","speedTime":345,"risk":13},{"host":"98.181.137.80","port":4145,"asn":22773,"city":"Las Vegas","continent":"North America","continent_code":"NA","country":"United States","country_code":"US","ip":"98.181.137.80","latitude":36.2473,"longitude":-115.2821,"metro_code":839,"network":"98.181.128.0/19","organization":"ASN-CXA-ALL-CCI-22773-RDC","postal":"89129","region":"Nevada","region_code":"NV","timezone":"America/Los_Angeles","speedTime":346,"risk":13},{"host":"98.181.137.83","port":4145,"asn":22773,"city":"Las Vegas","continent":"North America","continent_code":"NA","country":"United States","country_code":"US","ip":"98.181.137.83","latitude":36.2473,"longitude":-115.2821,"metro_code":839,"network":"98.181.128.0/19","organization":"ASN-CXA-ALL-CCI-22773-RDC","postal":"89129","region":"Nevada","region_code":"NV","timezone":"America/Los_Angeles","speedTime":309,"risk":13},{"host":"208.102.51.6","port":58208,"asn":6181,"city":"Alexandria","continent":"North America","continent_code":"NA","country":"United States","country_code":"US","ip":"208.102.51.6","latitude":38.9406,"longitude":-84.3943,"metro_code":515,"network":"208.102.50.0/23","organization":"FUSE-NET","postal":"41001","region":"Kentucky","region_code":"KY","timezone":"America/New_York","speedTime":696,"risk":0},{"host":"184.178.172.28","port":15294,"asn":22773,"city":"Roanoke","continent":"North America","continent_code":"NA","country":"United States","country_code":"US","ip":"184.178.172.28","latitude":37.2613,"longitude":-79.9335,"metro_code":573,"network":"184.178.172.0/23","organization":"ASN-CXA-ALL-CCI-22773-RDC","postal":"24023","region":"Virginia","region_code":"VA","timezone":"America/New_York","speedTime":242,"risk":13},{"host":"184.178.172.25","port":15291,"asn":22773,"city":"Roanoke","continent":"North America","continent_code":"NA","country":"United States","country_code":"US","ip":"184.178.172.25","latitude":37.2613,"longitude":-79.9335,"metro_code":573,"network":"184.178.172.0/23","organization":"ASN-CXA-ALL-CCI-22773-RDC","postal":"24023","region":"Virginia","region_code":"VA","timezone":"America/New_York","speedTime":254,"risk":13},{"host":"104.219.42.115","port":50135,"asn":8560,"city":"Philadelphia","continent":"North America","continent_code":"NA","country":"United States","country_code":"US","ip":"104.219.42.115","latitude":37.751,"longitude":-97.822,"metro_code":"","network":"104.219.40.0/22","organization":"IONOS SE","postal":"19103","region":"Pennsylvania","region_code":"","timezone":"America/Chicago","speedTime":4567,"risk":0},{"host":"65.169.38.73","port":26592,"asn":20081,"city":"Reston","continent":"North America","continent_code":"NA","country":"United States","country_code":"US","ip":"65.169.38.73","latitude":37.751,"longitude":-97.822,"metro_code":"","network":"65.169.32.0/21","organization":"NET2ATLANTA","postal":"20196","region":"Virginia","region_code":"","timezone":"America/Chicago","speedTime":189,"risk":0},{"host":"184.178.172.5","port":15303,"asn":22773,"city":"Roanoke","continent":"North America","continent_code":"NA","country":"United States","country_code":"US","ip":"184.178.172.5","latitude":37.2613,"longitude":-79.9335,"metro_code":573,"network":"184.178.172.0/23","organization":"ASN-CXA-ALL-CCI-22773-RDC","postal":"24023","region":"Virginia","region_code":"VA","timezone":"America/New_York","speedTime":249,"risk":13},{"host":"38.62.224.84","port":6663,"asn":55286,"city":"Piscataway","continent":"North America","continent_code":"NA","country":"United States","country_code":"US","ip":"38.62.224.84","latitude":40.5511,"longitude":-74.4606,"metro_code":501,"network":"38.62.224.0/23","organization":"SERVER-MANIA","postal":"08854","region":"New Jersey","region_code":"NJ","timezone":"America/New_York","speedTime":3945,"risk":0},{"host":"146.19.167.128","port":14808,"asn":142111,"city":"Ashburn","continent":"North America","continent_code":"NA","country":"United States","country_code":"US","ip":"146.19.167.128","latitude":39.0469,"longitude":-77.4903,"metro_code":511,"network":"146.19.167.0/24","organization":"Zhejiang Aiyun Network Technology Co Ltd","postal":"20149","region":"Virginia","region_code":"VA","timezone":"America/New_York","speedTime":3210,"risk":0}],"CN":[{"host":"47.100.184.89","port":80,"asn":37963,"city":"Shanghai","continent":"Asia","continent_code":"AS","country":"China","country_code":"CN","ip":"47.100.184.89","latitude":31.2222,"longitude":121.4581,"metro_code":"","network":"47.100.0.0/14","organization":"Hangzhou Alibaba Advertising Co.,Ltd.","postal":"200020","region":"Shanghai","region_code":"SH","timezone":"Asia/Shanghai","speedTime":898,"risk":0}],"HK":[{"host":"47.243.30.66","port":37469,"asn":45102,"city":"Hong Kong","continent":"Asia","continent_code":"AS","country":"Hong Kong","country_code":"HK","ip":"47.243.30.66","latitude":22.2842,"longitude":114.1759,"metro_code":"","network":"47.243.0.0/16","organization":"Alibaba US Technology Co., Ltd.","postal":"-","region":"Central and Western District","region_code":"HCW","timezone":"Asia/Hong_Kong","speedTime":1055,"risk":0},{"host":"8.218.217.247","port":15673,"asn":45102,"city":"Hong Kong","continent":"Asia","continent_code":"AS","country":"Hong Kong","country_code":"HK","ip":"8.218.217.247","latitude":22.2842,"longitude":114.1759,"metro_code":"","network":"8.218.192.0/18","organization":"Alibaba US Technology Co., Ltd.","postal":"-","region":"Central and Western District","region_code":"HCW","timezone":"Asia/Hong_Kong","speedTime":843,"risk":18},{"host":"47.243.75.202","port":58853,"asn":45102,"city":"Hong Kong","continent":"Asia","continent_code":"AS","country":"Hong Kong","country_code":"HK","ip":"47.243.75.202","latitude":22.2842,"longitude":114.1759,"metro_code":"","network":"47.243.0.0/16","organization":"Alibaba US Technology Co., Ltd.","postal":"-","region":"Central and Western District","region_code":"HCW","timezone":"Asia/Hong_Kong","speedTime":968,"risk":20},{"host":"8.210.158.189","port":9061,"asn":45102,"city":"Hong Kong","continent":"Asia","continent_code":"AS","country":"Hong Kong","country_code":"HK","ip":"8.210.158.189","latitude":22.2842,"longitude":114.1759,"metro_code":"","network":"8.210.156.0/22","organization":"Alibaba US Technology Co., Ltd.","postal":"-","region":"Central and Western District","region_code":"HCW","timezone":"Asia/Hong_Kong","speedTime":1900,"risk":18},{"host":"47.243.30.66","port":37466,"asn":45102,"city":"Hong Kong","continent":"Asia","continent_code":"AS","country":"Hong Kong","country_code":"HK","ip":"47.243.30.66","latitude":22.2842,"longitude":114.1759,"metro_code":"","network":"47.243.0.0/16","organization":"Alibaba US Technology Co., Ltd.","postal":"-","region":"Central and Western District","region_code":"HCW","timezone":"Asia/Hong_Kong","speedTime":889,"risk":0}],"JP":[{"host":"43.163.205.158","port":15673,"asn":132203,"city":"Tokyo","continent":"Asia","continent_code":"AS","country":"Japan","country_code":"JP","ip":"43.163.205.158","latitude":35.6893,"longitude":139.6899,"metro_code":"","network":"43.163.192.0/18","organization":"Tencent Building, Kejizhongyi Avenue","postal":"102-0082","region":"Tokyo","region_code":"13","timezone":"Asia/Tokyo","speedTime":1523,"risk":0}],"FR":[{"host":"92.205.61.38","port":41209,"asn":21499,"city":"Strasbourg","continent":"Europe","continent_code":"EU","country":"France","country_code":"FR","ip":"92.205.61.38","latitude":48.5855,"longitude":7.7418,"metro_code":"","network":"92.205.48.0/20","organization":"Host Europe GmbH","postal":"67999","region":"Grand Est","region_code":"GES","timezone":"Europe/Paris","speedTime":1631,"risk":0}],"KR":[{"host":"121.147.3.119","port":56452,"asn":4766,"city":"Mokpo-si","continent":"Asia","continent_code":"AS","country":"South Korea","country_code":"KR","ip":"121.147.3.119","latitude":34.8133,"longitude":126.3874,"metro_code":"","network":"121.147.0.0/22","organization":"Korea Telecom","postal":"58647","region":"Jeollanam-do","region_code":"46","timezone":"Asia/Seoul","speedTime":3533,"risk":7}],"DE":[{"host":"45.131.66.153","port":22456,"asn":213250,"city":"Frankfurt am Main","continent":"Europe","continent_code":"EU","country":"Germany","country_code":"DE","ip":"45.131.66.153","latitude":50.1188,"longitude":8.6843,"metro_code":"","network":"45.131.66.0/23","organization":"ITP-Solutions GmbH & Co. KG","postal":"60313","region":"Hesse","region_code":"HE","timezone":"Europe/Berlin","speedTime":3943,"risk":0}],"ID":[{"host":"103.174.178.131","port":1020,"asn":139418,"city":"Patrang","continent":"Asia","continent_code":"AS","country":"Indonesia","country_code":"ID","ip":"103.174.178.131","latitude":-8.1474,"longitude":113.7262,"metro_code":"","network":"103.174.178.0/23","organization":"PT Gasatek Bintang Nusantara","postal":"68122","region":"East Java","region_code":"JI","timezone":"Asia/Jakarta","speedTime":939,"risk":0}],"IN":[{"host":"221.134.152.75","port":7302,"asn":9583,"city":"Chennai","continent":"Asia","continent_code":"AS","country":"India","country_code":"IN","ip":"221.134.152.75","latitude":21.9974,"longitude":79.0011,"metro_code":"","network":"221.134.128.0/17","organization":"Sify Limited","postal":"600009","region":"Tamil Nadu","region_code":"","timezone":"Asia/Kolkata","speedTime":1263,"risk":0}],"CO":[{"host":"181.204.123.68","port":52246,"asn":27831,"city":"Barranquilla","continent":"South America","continent_code":"SA","country":"Colombia","country_code":"CO","ip":"181.204.123.68","latitude":11.0071,"longitude":-74.8092,"metro_code":"","network":"181.204.120.0/22","organization":"Colombia Movil","postal":"080003","region":"Atlántico","region_code":"ATL","timezone":"America/Bogota","speedTime":1735,"risk":0}],"KZ":[{"host":"178.89.217.40","port":8080,"asn":9198,"city":"Karaganda","continent":"Asia","continent_code":"AS","country":"Kazakhstan","country_code":"KZ","ip":"178.89.217.40","latitude":49.7989,"longitude":73.0994,"metro_code":"","network":"178.89.216.0/21","organization":"JSC Kazakhtelecom","postal":"100000","region":"Karaganda","region_code":"35","timezone":"Asia/Almaty","speedTime":4027,"risk":0}],"BD":[{"host":"119.148.1.41","port":9990,"asn":23923,"city":"Dhaka","continent":"Asia","continent_code":"AS","country":"Bangladesh","country_code":"BD","ip":"119.148.1.41","latitude":23.7908,"longitude":90.4109,"metro_code":"","network":"119.148.0.0/20","organization":"Agni Systems Limited","postal":"1212","region":"Dhaka Division","region_code":"C","timezone":"Asia/Dhaka","speedTime":1115,"risk":0},{"host":"119.148.4.51","port":9990,"asn":23923,"city":"Dhaka","continent":"Asia","continent_code":"AS","country":"Bangladesh","country_code":"BD","ip":"119.148.4.51","latitude":23.7908,"longitude":90.4109,"metro_code":"","network":"119.148.0.0/20","organization":"Agni Systems Limited","postal":"1212","region":"Dhaka Division","region_code":"C","timezone":"Asia/Dhaka","speedTime":950,"risk":0},{"host":"119.148.8.54","port":9990,"asn":23923,"city":"Dhaka","continent":"Asia","continent_code":"AS","country":"Bangladesh","country_code":"BD","ip":"119.148.8.54","latitude":23.7908,"longitude":90.4109,"metro_code":"","network":"119.148.0.0/20","organization":"Agni Systems Limited","postal":"1212","region":"Dhaka Division","region_code":"C","timezone":"Asia/Dhaka","speedTime":1171,"risk":0}],"UA":[{"host":"212.3.112.128","port":35860,"asn":6702,"city":"Dnipro","continent":"Europe","continent_code":"EU","country":"Ukraine","country_code":"UA","ip":"212.3.112.128","latitude":48.4653,"longitude":35.033,"metro_code":"","network":"212.3.112.0/23","organization":"Science Production Company Trifle Ltd.","postal":"49098","region":"Dnipropetrovsk Oblast","region_code":"12","timezone":"Europe/Kyiv","speedTime":583,"risk":0}],"RU":[{"host":"46.0.203.140","port":4890,"asn":34533,"city":"Samara","continent":"Europe","continent_code":"EU","country":"Russia","country_code":"RU","ip":"46.0.203.140","latitude":53.2061,"longitude":50.1509,"metro_code":"","network":"46.0.192.0/20","organization":"JSC ER-Telecom Holding","postal":"404146","region":"Samara Oblast","region_code":"SAM","timezone":"Europe/Samara","speedTime":1781,"risk":0}],"PL":[{"host":"95.140.154.75","port":8443,"asn":200088,"city":"Warsaw","continent":"Europe","continent_code":"EU","country":"Poland","country_code":"PL","ip":"95.140.154.75","latitude":52.2296,"longitude":21.0067,"metro_code":"","network":"95.140.152.0/22","organization":"Artnet Sp. z o.o.","postal":"00-510","region":"Mazovia","region_code":"14","timezone":"Europe/Warsaw","speedTime":378,"risk":0}],"VN":[{"host":"103.148.57.103","port":30007,"asn":45899,"city":"Hanoi","continent":"Asia","continent_code":"AS","country":"Vietnam","country_code":"VN","ip":"103.148.57.103","latitude":16.1667,"longitude":107.8333,"metro_code":"","network":"103.148.56.0/23","organization":"VNPT Corp","postal":"100000","region":"Ha Noi","region_code":"","timezone":"Asia/Bangkok","speedTime":1603,"risk":0},{"host":"116.105.78.74","port":1080,"asn":24086,"city":"Da Nang","continent":"Asia","continent_code":"AS","country":"Vietnam","country_code":"VN","ip":"116.105.78.74","latitude":16.0685,"longitude":108.2215,"metro_code":"","network":"116.105.76.0/22","organization":"Viettel Corporation","postal":"550000","region":"Da Nang","region_code":"DN","timezone":"Asia/Ho_Chi_Minh","speedTime":4054,"risk":1},{"host":"171.242.33.243","port":5305,"asn":7552,"city":"Hanoi","continent":"Asia","continent_code":"AS","country":"Vietnam","country_code":"VN","ip":"171.242.33.243","latitude":21.0292,"longitude":105.8526,"metro_code":"","network":"171.242.32.0/21","organization":"Viettel Group","postal":"460000","region":"Hanoi","region_code":"HN","timezone":"Asia/Bangkok","speedTime":1067,"risk":5}]}